Aaron Casey,CIN,LB,6-1,231,6/12/2000,24,R,ACaseyCIN
Akeem Davis-Gaither,CIN,LB,6-2,228,9/21/1997,26,5,ADavis-GaitherCIN
Alex Cappa,CIN,OG,6-6,310,1/27/1995,29,7,ACappaCIN
Allan George,CIN,CB,5-11,191,7/16/1999,25,1,AGeorgeCIN
Amarius Mims,CIN,OT,6-7,340,10/14/2002,21,R,AMimsCIN
Andrei Iosivas,CIN,WR,6-3,205,10/15/1999,24,2,AIosivasCIN
Austin McNamara,CIN,P,6-5,204,2/24/2001,23,R,AMcNamaraCIN
B.J. Hill,CIN,DT,6-3,311,4/20/1995,29,7,BHillCIN
Brad Robbins,CIN,P,6-1,205,10/6/1998,25,2,BRobbinsCIN
Cal Adomitis,CIN,LS,6-2,238,7/9/1998,26,3,CAdomitisCIN
Cam Grandy,CIN,TE,6-5,253,11/19/1999,24,R,CGrandyCIN
Cam Taylor-Britt,CIN,CB,5-11,202,10/15/1999,24,3,CTaylor-BrittCIN
Cameron Sample,CIN,DE,6-3,272,9/20/1999,24,4,CSampleCIN
Cedric Johnson,CIN,DE,6-3,260,9/6/2002,21,R,CJohnsonCIN
Charlie Jones,CIN,WR,6-0,183,10/29/1998,25,2,CJonesCIN
Chase Brown,CIN,RB,5-10,211,3/21/2000,24,2,CBrownCIN
Chris Evans,CIN,RB,5-11,215,10/5/1997,26,4,CEvansCIN
Cody Ford,CIN,OT,6-3,329,12/28/1996,27,6,CFordCIN
Cole Burgess,CIN,WR,6-1,192,2/11/2000,24,R,CBurgessCIN
Cordell Volson,CIN,OG,6-6,315,7/20/1998,25,3,CVolsonCIN
D'Ante Smith,CIN,OT,6-5,309,6/8/1998,26,4,DSmithCIN
DJ Ivey,CIN,CB,6-1,195,2/25/2000,24,4,DIveyCIN
DJ Turner,CIN,CB,5-11,180,11/9/2000,23,2,DTurnerCIN
Daijahn Anthony,CIN,SAF,6-0,191,9/9/2000,23,R,DAnthonyCIN
Dax Hill,CIN,DB,6-0,192,9/29/2000,23,3,DHillCIN
Devin Cochran,CIN,OT,6-7,310,7/17/1998,25,2,DCochranCIN
Devin Harper,CIN,LB,6-0,238,5/13/1998,26,3,DHarperCIN
Devonnsha Maxwell,CIN,DL,6-2,297,5/5/1999,25,2,DMaxwellCIN
Domenique Davis,CIN,DL,6-2,326,2/28/1996,28,1,DDavisCIN
Drew Sample,CIN,TE,6-5,255,4/16/1996,28,6,DSampleCIN
Elijah Collins,CIN,RB,6-0,220,8/1/2000,23,R,ECollinsCIN
Eric Miller,CIN,OT,6-8,311,6/29/2000,24,R,EMillerCIN
Erick All,CIN,TE,6-5,255,9/13/2000,23,R,EAllCIN
Evan McPherson,CIN,K,5-11,185,7/21/1999,24,4,EMcPhersonCIN
Geno Stone,CIN,SAF,5-11,209,4/19/1999,25,5,GStoneCIN
Germaine Pratt,CIN,LB,6-3,250,5/21/1996,28,6,GPrattCIN
Ja'Marr Chase,CIN,WR,6-0,201,3/1/2000,24,4,JChaseCIN
Jackson Carman,CIN,OG,6-5,322,1/22/2000,24,4,JCarmanCIN
Jake Browning,CIN,QB,6-2,210,4/11/1996,28,2,JBrowningCIN
Jalen Davis,CIN,CB,5-10,190,2/2/1996,28,5,JDavisCIN
Jaxson Kirkland,CIN,OT,6-7,328,7/30/1998,25,1,JKirklandCIN
Jay Tufele,CIN,DT,6-3,305,7/25/1999,24,4,JTufeleCIN
Jeffrey Gunter,CIN,DE,6-4,263,6/1/1999,25,2,JGunterCIN
Jermaine Burton,CIN,WR,6-0,194,7/28/2001,22,R,JBurtonCIN
Joe Bachie,CIN,LB,6-2,235,2/26/1998,26,5,JBachieCIN
Joe Burrow,CIN,QB,6-4,215,12/10/1996,27,5,JBurrowCIN
Jordan Battle,CIN,SAF,6-1,210,12/14/2000,23,2,JBattleCIN
Joseph Ossai,CIN,DE,6-4,263,4/13/2000,24,4,JOssaiCIN
Josh Newton,CIN,CB,6-1,190,9/14/2000,23,R,JNewtonCIN
Justin Blazek,CIN,DL,6-3,252,2/27/2001,23,R,JBlazekCIN
Kendric Pryor,CIN,WR,5-11,189,1/6/1998,26,2,KPryorCIN
Kris Jenkins,CIN,DT,6-3,305,10/10/2001,22,R,KJenkinsCIN
Kwamie Lassiter II,CIN,WR,5-11,185,1/21/1998,26,1,KLassiterCIN
Lance Robinson,CIN,CB,5-10,185,3/20/2000,24,R,LRobinsonCIN
Logan Wilson,CIN,LB,6-2,245,7/8/1996,28,5,LWilsonCIN
Logan Woodside,CIN,QB,6-1,213,1/27/1995,29,4,LWoodsideCIN
Maema Njongmeta,CIN,LB,6-0,230,3/9/2001,23,R,MNjongmetaCIN
Matt Lee,CIN,C,6-3,288,6/6/2001,23,R,MLeeCIN
McKinnley Jackson,CIN,DT,6-2,331,12/26/2001,22,R,MJacksonCIN
Michael Dowell,CIN,SAF,6-0,217,1/28/2000,24,R,MDowellCIN
Mike Gesicki,CIN,TE,6-6,252,10/3/1995,28,7,MGesickiCIN
Mike Hilton,CIN,CB,5-9,184,3/9/1994,30,8,MHiltonCIN
Myles Murphy,CIN,DE,6-5,270,1/3/2002,22,2,MMurphyCIN
Nathan Gilliam,CIN,OG,6-5,300,7/6/1997,27,1,NGilliamCIN
Noah Cain,CIN,RB,5-10,222,12/17/2000,23,R,NCainCIN
Orlando Brown,CIN,OT,6-8,345,5/2/1996,28,7,OBrownCIN
PJ Jules,CIN,SAF,6-0,203,5/18/2001,23,R,PJulesCIN
Rocky Lombardi,CIN,QB,6-4,225,7/30/1998,25,R,RLombardiCIN
Sam Hubbard,CIN,DE,6-5,265,6/29/1995,29,7,SHubbardCIN
Shaka Heyward,CIN,LB,6-3,238,4/19/2000,24,1,SHeywardCIN
Shedrick Jackson,CIN,WR,6-1,195,10/20/1999,24,1,SJacksonCIN
Sheldon Rankins,CIN,DT,6-2,305,4/2/1994,30,9,SRankinsCIN
Tanner Hudson,CIN,TE,6-5,239,11/12/1994,29,5,THudsonCIN
Tanner McLachlan,CIN,TE,6-5,245,3/15/1999,25,R,TMcLachlanCIN
Ted Karras,CIN,C,6-4,310,3/15/1993,31,9,TKarrasCIN
Tee Higgins,CIN,WR,6-4,219,1/18/1999,25,5,THigginsCIN
Travis Bell,CIN,DT,6-1,305,10/27/1998,25,2,TBellCIN
Trayveon Williams,CIN,RB,5-8,206,10/18/1997,26,6,TWilliamsCIN
Tre Mosley,CIN,WR,6-1,196,9/25/2001,22,R,TMosleyCIN
Trent Brown,CIN,OT,6-8,355,4/13/1993,31,10,TBrownCIN
Trenton Irwin,CIN,WR,6-2,200,12/10/1995,28,5,TIrwinCIN
Trey Hendrickson,CIN,DE,6-4,270,12/5/1994,29,8,THendricksonCIN
Trey Hill,CIN,C,6-4,335,1/23/2000,24,4,THillCIN
Tycen Anderson,CIN,SAF,6-2,210,6/13/1999,25,3,TAndersonCIN
Vonn Bell,CIN,SS,5-11,205,12/12/1994,29,9,VBellCIN
Zachary Carter,CIN,DT,6-4,290,4/7/1999,25,3,ZCarterCIN
Zack Moss,CIN,RB,5-10,215,12/15/1997,26,5,ZMossCIN
